{"cameraMode":{"drawMode":0,"name":"Shaded","section":"Shading Mode"},"sceneLighting":true,"audioPlay":false,"sceneViewState":{"showFog":true,"showMaterialUpdate":false,"showSkybox":true,"showFlares":true,"showImageEffects":true,"showParticleSystems":true,"showVisualEffectGraphs":true,"m_FxEnabled":true},"in2DMode":false,"pivot":{"x":2.0309054851531984,"y":4.179734230041504,"z":0.7681587934494019},"rotation":{"x":-0.0752294510602951,"y":-0.015857137739658357,"z":0.001196419820189476,"w":-0.9970430731773377},"size":4.179182529449463,"orthographic":false}